{
    "$schema": "https://schemas.kicad.org/drc.v1.json",
    "coordinate_units": "mm",
    "date": "2025-06-11T16:01:55+0530",
    "kicad_version": "9.99.0",
    "schematic_parity": [],
    "source": "Mitayi-Pico-RP2040.kicad_pcb",
    "unconnected_items": [],
    "violations": [
        {
            "description": "Silkscreen clipped by board edge",
            "items": [
                {
                    "description": "Segment on Edge.Cuts",
                    "pos": {
                        "x": 121.5,
                        "y": 99.8
                    },
                    "uuid": "3ba5b8a8-27b3-4824-b06d-404b06e58086"
                },
                {
                    "description": "Segment of J2 on F.Silkscreen",
                    "pos": {
                        "x": 121.93,
                        "y": 84.59
                    },
                    "uuid": "b884f8f0-a23a-4c8b-92c7-09bd4b2e36d7"
                }
            ],
            "severity": "warning",
            "type": "silk_edge_clearance"
        },
        {
            "description": "Silkscreen clipped by board edge",
            "items": [
                {
                    "description": "Segment on Edge.Cuts",
                    "pos": {
                        "x": 121.5,
                        "y": 99.8
                    },
                    "uuid": "3ba5b8a8-27b3-4824-b06d-404b06e58086"
                },
                {
                    "description": "Segment of J2 on F.Silkscreen",
                    "pos": {
                        "x": 121.93,
                        "y": 93.99
                    },
                    "uuid": "5bf9c7c6-1253-46f8-8023-b39159cb8346"
                }
            ],
            "severity": "warning",
            "type": "silk_edge_clearance"
        }
    ]
}
